Gene_set;Term;Overlap;P-value;Adjusted P-value;Old P-value;Old Adjusted P-value;Odds Ratio;Combined Score;Genes
ARCHS4_Tissues;ILEUM (BULK);162/2316;5,09E-67;5,50E-65;0;0;8,237256267;1257,377911;"SH2D7;TRAC;RORC;GIMAP7;AQP1;KRTCAP3;IL4I1;LGALS2;TCL1A;BEST4;HPGDS;AKR7A3;DMBT1;SIT1;CREB3L1;TRBC2;TRBC1;CHP2;MS4A12;CD177;EPHB3;CPA3;HES6;RNF43;ANXA13;CYBB;UGT2B17;CMBL;OLFM4;RNASE1;FOXP3;SDCBP2;AZGP1;MAF;CD8B;CD8A;SCNN1A;CES2;CFTR;COL17A1;KLK1;MAOB;KLRB1;HHLA2;SMIM6;RAP1GAP;CD79B;CD79A;MYH14;CLCA1;TNFRSF17;IGFBP7;STXBP6;APOE;CD14;PI3;TRPM5;ICOS;CLCA4;PRPH;AFAP1L2;FYB1;REG4;RARRES2;BMX;FERMT1;SULT1B1;SLC6A8;FEV;PPP1R1B;LCN2;SLC26A3;SERPINA1;MS4A8;HEPACAM2;HRCT1;CLEC9A;CD3E;CD3D;FCRLA;UCN3;CA4;MUC12;CA7;CTLA4;UGT2A3;CCR7;CTSG;CTSE;GALNT8;BCAS1;FCRL1;NXPE4;HTR3E;PAX5;ANO7;IL17RB;ADRA2A;FCER2;CEACAM1;TMIGD1;CEACAM7;BANK1;CEACAM6;B3GNT6;CEACAM5;CHI3L2;XCL2;IRF8;TFF1;CDHR5;LTB;GPRC5C;DNASE1L3;MS4A1;C1QB;PTGER4;C1QA;RETNLB;ADH1C;REP15;HDC;DERL3;ITLN1;CXCR5;KRT86;ASCL2;EGFR;SELENBP1;FRZB;SPOCK2;GNA11;TIGIT;DUOX2;ATOH1;SPDEF;CHGA;IL32;CDKN2B;GALNT5;CMA1;CCL20;GZMA;AKR1C3;TMEM61;GUCA2B;GCG;OTOP2;PDZK1IP1;LYVE1;GUCA2A;CD2;GZMK;FABP2;SMOC2;MLPH;CD5;CD7;S100P;LGR5;FOXA3;C1QC"
ARCHS4_Tissues;COLON (BULK TISSUE);146/2316;4,52E-53;2,44E-51;0;0;6,69294093;806,6871628;"SH2D7;AQP8;RORC;BEST2;AQP1;KRTCAP3;LGALS2;BEST4;AKR7A3;DMBT1;CREB3L1;CHP2;MS4A12;CD177;EPHB3;CPA3;HES6;RNF43;ANXA13;CYBB;UGT2B17;OLFM4;RNASE1;SDCBP2;AZGP1;SLPI;SCNN1A;CES2;CFTR;COL17A1;SLC26A2;KLK1;MAOB;KLRB1;HHLA2;SMIM6;RAP1GAP;CD79B;CD79A;SOCS3;MYH14;CLCA1;TNFRSF17;STXBP6;CD14;PI3;TRPM5;CLCA4;PRPH;AFAP1L2;REG4;RARRES2;BMX;FERMT1;SULT1B1;SLC6A8;FEV;PPP1R1B;LCN2;L1TD1;CD24;SLC26A3;IL22;SERPINA1;MS4A8;HEPACAM2;HRCT1;CD3E;CXCL3;MSLN;AREG;WFDC2;FCRLA;CA1;UCN3;CA2;CA4;FFAR4;MUC12;CA7;CTLA4;UGT2A3;CTSG;CTSE;INSL5;GALNT8;BCAS1;NXPE4;LEFTY1;HTR3E;ANO7;ADRA2A;CEACAM1;TMIGD1;CEACAM7;CEACAM6;B3GNT6;CEACAM5;IRF8;TFF1;CDHR5;RHOV;GPRC5C;DNASE1L3;MS4A1;C1QB;PTGER4;C1QA;RETNLB;ADH1C;REP15;HDC;DERL3;ITLN1;ASCL2;EGFR;SELENBP1;FRZB;GNA11;DUOX2;ATOH1;SPDEF;CHGA;IL32;CDKN2B;GALNT5;CMA1;CCL20;GZMA;AKR1C3;TMEM61;GUCA2B;GCG;OTOP2;PDZK1IP1;LYVE1;GUCA2A;GZMK;FABP2;SMOC2;MLPH;CD7;S100P;LGR5;FOXA3;C1QC"
ARCHS4_Tissues;SMALL INTESTINE (BULK TISSUE);120/2316;1,67E-33;6,02E-32;0;0;4,729210626;356,9200615;"SH2D7;AQP8;RORC;MKI67;AQP1;KRTCAP3;SCGN;LGALS2;HPGDS;AKR7A3;DMBT1;DPYSL3;CHP2;CD177;EPHB3;RNF43;ANXA13;CYBB;UGT2B17;ANK2;OLFM4;RNASE1;SDCBP2;GPRIN3;AZGP1;MAF;RFX6;SCG2;CES2;CFTR;CES1;COL17A1;SLC26A2;MAOB;HHLA2;SMIM6;RAP1GAP;SOCS3;S100A12;MYH14;CLCA1;STXBP6;CD14;PI3;TRPM5;CLCA4;PRPH;AFAP1L2;CD163;FZD7;REG4;RARRES2;BMX;FERMT1;SULT1B1;SLC6A8;FEV;PPP1R1B;LCN2;SLC26A3;SERPINA1;MS4A8;HEPACAM2;TNFAIP3;CXCL3;UCN3;CA4;MUC12;CA7;UGT2A3;CTSE;GALNT8;BCAS1;HTR3E;PROX1;ANO7;RGMB;CEACAM1;TMIGD1;CEACAM7;CEACAM6;CEACAM5;IRF8;TFF1;CDHR5;DNASE1L3;C1QB;PTGER4;C1QA;RETNLB;ADH1C;REP15;ITLN1;THBS1;EGFR;SELENBP1;IL1RL1;ALDH1B1;FRZB;GNA11;DUOX2;ATOH1;SPDEF;CHGA;SLC12A2;CDKN2B;GALNT5;CCL20;AKR1C3;GUCA2B;GCG;OTOP2;LYVE1;GUCA2A;FABP2;SMOC2;S100P;LGR5;FOXA3;C1QC"
ARCHS4_Tissues;GASTRIC TISSUE (BULK);101/2316;9,79E-22;2,64E-20;0;0;3,603082643;174,3016868;"RORC;MKI67;AQP1;KRTCAP3;LGALS2;AKR7A3;DMBT1;CREB3L1;DPYSL3;CD177;EPHB3;CPA3;CYBB;OLFM4;ISL1;RNASE1;SDCBP2;AZGP1;SLPI;SCNN1A;AGTR1;CFTR;CES1;COL17A1;KLK1;MAOB;SMIM6;RAP1GAP;CD79A;SOCS3;MYH14;CLCA1;TNFRSF17;IGFBP7;STXBP6;PI3;PRPH;AFAP1L2;REG4;RARRES2;BMX;ARHGAP24;FERMT1;PPP1R1B;LCN2;CD24;SERPINA1;MS4A8;HEPACAM2;HRCT1;CXCL3;MSLN;WFDC2;CA2;TIMP3;UGT2A3;CTSE;BCAS1;NXPE4;ANO7;RGMB;ADRA2A;CEACAM7;CEACAM6;B3GNT6;CEACAM5;KIT;IRF8;TFF1;CDHR5;RHOV;GPRC5C;C1QB;C1QA;ADH1C;REP15;HDC;DERL3;ITLN1;ASCL2;EGFR;SELENBP1;FRZB;DUOX2;SPDEF;CHGA;SLC12A2;GALNT5;CMA1;CCL20;AKR1C3;TMEM61;PDZK1IP1;LYVE1;MEIS2;SMOC2;MLPH;S100P;LGR5;FOXA3;C1QC"
ARCHS4_Tissues;SPLEEN (BULK TISSUE);93/2316;1,84E-17;3,97E-16;0;0;3,188804224;122,8801475;"SERPINA1;PLXND1;MS4A7;TRAC;TNFAIP3;LRMP;CD3E;CD3D;GIMAP7;ETS1;AQP1;FCRLA;TCL1A;CA1;SIT1;PSTPIP2;TRBC2;TRBC1;TIMP3;CCR7;CD177;FCRL1;TRGV4;CYBB;MCEMP1;PAX5;PROX1;OLFM4;RNASE1;ADRA2A;GPRIN3;FCER2;MAF;CD8B;BANK1;CD8A;AGTR1;CHI3L2;XCL2;IRF8;LTB;DNASE1L3;MS4A1;CES1;C1QB;C1QA;KLK1;KLRB1;REP15;DERL3;LEF1;CXCR5;CXCR4;CST7;KRT86;COL19A1;LILRA4;CD79B;SELENBP1;CD79A;FRZB;SPOCK2;CCL4;S100A12;TNFRSF17;IGFBP7;APOE;CD14;TRPM5;TIGIT;PRPH;IL32;AFAP1L2;CD163;FYB1;KLRC2;TRAT1;RARRES2;GZMA;TRDV1;NKG7;BMX;LYVE1;ARHGAP24;BATF;CD2;GZMK;CD6;CD5;CD7;LCN2;S100P;C1QC"
ARCHS4_Tissues;LUNG (BULK TISSUE);85/2316;1,29E-13;2,32E-12;0;0;2,80473459;83,24045407;"SERPINA1;CD83;PLXND1;MS4A8;MS4A7;RORC;TNFAIP3;HRCT1;CXCL3;MSLN;AREG;WFDC2;AQP1;HPGDS;DMBT1;CREB3L1;DPYSL3;CA4;TIMP3;CTSE;SLC18A2;EPHB3;CPA3;CYBB;MCEMP1;ETV1;RNASE1;AZGP1;MT1A;SLPI;BANK1;CEACAM6;CEACAM5;KIT;SCNN1A;AGTR1;CHI3L2;IRF8;GPRC5C;CFTR;CES1;C1QB;PTGER4;C1QA;ADH1C;MAOB;KLRB1;HDC;ITLN1;GATA2;KRT86;THBS1;EGFR;RAP1GAP;SELENBP1;SOCS3;IL1RL1;FRZB;SPOCK2;MYH14;IGFBP7;STXBP6;APOE;CD14;SPDEF;PRPH;AFAP1L2;CDKN2B;CD163;GALNT5;CMA1;CCL20;RARRES2;PDZK1IP1;BMX;LYVE1;ARHGAP24;SMOC2;MLPH;PPP1R1B;LCN2;IL7R;LGR5;CDK15;C1QC"
ARCHS4_Tissues;PERIPHERAL BLOOD;79/2316;5,04E-11;6,80E-10;0;0;2,534697962;60,10228167;"FCN1;SERPINA1;MS4A7;TRAC;RORC;LRMP;CLEC9A;CD3E;CD3D;GIMAP7;FCRLA;LGALS2;TCL1A;GNLY;SIT1;TRBC2;TRBC1;CA4;CTLA4;CCR7;CD177;FCRL1;TRGV4;KRT1;CYBB;MCEMP1;PAX5;FOXP3;FCER2;SLPI;CD8B;BANK1;CD8A;IL1B;CHI3L2;XCL2;IRF8;LTB;MS4A1;CES1;PTGER4;KLRB1;HDC;LEF1;CXCR5;CXCR4;CST7;ASCL2;LILRA4;CD79B;CD79A;SPOCK2;CCL4;S100A12;TNFRSF17;CD14;PI3;ICOS;TIGIT;FYB1;KLRC2;TRAT1;GZMA;TRDV1;NKG7;PDZK1IP1;BMX;BATF;CD2;GZMK;CD40LG;CD6;SELL;CD5;GPR183;CD7;LCN2;S100P;IL7R"
ARCHS4_Tissues;THYMUS (BULK TISSUE);79/2316;5,04E-11;6,80E-10;0;0;2,534697962;60,10228167;"ITK;SH2D7;PLXND1;TRAC;RORC;TNFAIP3;CD3G;LRMP;CLEC9A;CD3E;MKI67;CD3D;ETS1;AQP1;IL4I1;TCL1A;DMBT1;SIT1;TRBC2;TRBC1;PBK;CTLA4;CCR7;CTSG;SLC18A2;CD177;TRGV4;KRT1;CYBB;UGT2B17;OLFM4;ISL1;RNASE1;FOXP3;FCER2;SLPI;CD8B;CD8A;CHI3L2;IRF8;RHOV;LTB;MS4A1;C1QB;PTGER4;COL17A1;C1QA;KLRB1;REP15;LEF1;CDCA7;CXCR4;KRT86;COL19A1;LILRA4;EGFR;CD79A;SOCS3;SPOCK2;PI3;TRPM5;ICOS;IL32;AFAP1L2;FYB1;RRM2;UBE2C;TRAT1;TRDV1;TMEM61;LYVE1;CD2;SMOC2;CD40LG;CD6;CD5;CD7;IL7R;C1QC"
ARCHS4_Tissues;CD4+ T CELL;72/2316;2,46E-08;2,96E-07;0;0;2,237518717;39,19818698;"ITK;IL22;IFITM1;TRAC;RORC;TNFAIP3;CD3G;RORA;LRMP;CD3E;AREG;CD3D;GIMAP7;ETS1;KRTCAP3;IL4I1;GNLY;SIT1;TRBC2;TRBC1;CTLA4;CCR7;TRGV4;RNF43;FOXP3;GPRIN3;AZGP1;SELENOM;MAF;TBC1D4;CHI3L2;XCL2;TFF1;TNFRSF25;LTB;MS4A1;C1QB;PTGER4;KLRB1;RGS13;LEF1;CXCR5;CXCR4;CST7;CD79B;SPOCK2;CCL5;LEPROTL1;CCL4;ICOS;TIGIT;IL32;FYB1;CCL20;TRAT1;GZMA;TRDV1;NKG7;PDZK1IP1;BATF;CD2;GZMK;FABP2;CD40LG;CD6;SELL;CD5;GPR183;ID2;CD7;IL7R;SLC26A3"
ARCHS4_Tissues;COLONIC MUCOSA;70/2316;1,24E-07;1,33E-06;0;0;2,155931533;34,29406083;"AQP8;MS4A8;HEPACAM2;HRCT1;WFDC2;LGALS2;CA1;CA2;CA4;FFAR4;CHP2;MUC12;CA7;UGT2A3;MS4A12;CTSE;INSL5;CD177;BCAS1;NXPE4;LEFTY1;HTR3E;PDE4C;ANXA13;UGT2B17;ANO7;OLFM4;SDCBP2;CEACAM1;TMIGD1;CEACAM7;CEACAM6;B3GNT6;CEACAM5;SCNN1A;TFF1;CDHR5;MS4A2;PLPP2;DNASE1L3;CFTR;COL17A1;ADH1C;KLK1;HHLA2;REP15;ITLN1;SELENBP1;CLCA1;TNFRSF17;DUOX2;ATOH1;CLCA4;SPDEF;GALNT5;CCL20;REG4;GUCA2B;GCG;OTOP2;PDZK1IP1;GUCA2A;SULT1B1;FABP2;PPP1R1B;LCN2;S100P;SLC26A3;CDK15;FOXA3"
ARCHS4_Tissues;OMENTUM;69/2316;2,69E-07;2,64E-06;0;0;2,115669377;32,00575818;"PLXND1;MS4A7;TNFAIP3;HRCT1;CXCL3;MSLN;AREG;WFDC2;AQP1;CALB2;IL4I1;HPGDS;DPYSL3;CA4;TIMP3;CTSG;CPA3;CYBB;ISL1;RNASE1;ADRA2A;AZGP1;SELENOM;MT1A;MAF;SLPI;CD8A;AGTR1;IRF8;CES1;C1QB;PTGER4;C1QA;ADH1C;KLK1;MAOB;HDC;ITLN1;KRT86;THBS1;EGFR;SELENBP1;SOCS3;IL1RL1;FRZB;SPOCK2;CCL4;MYH14;IGFBP7;APOE;CD14;PRPH;AFAP1L2;CDKN2B;CD163;CMA1;FZD7;RARRES2;PDZK1IP1;BMX;LYVE1;ARHGAP24;GZMK;SMOC2;GPR183;PPP1R1B;CPE;CDK15;C1QC"
ARCHS4_Tissues;REGULATORY T CELLS;68/2316;5,76E-07;5,18E-06;0;0;2,075755877;29,82294545;"ITK;IFITM1;CD83;TRAC;RORC;TNFAIP3;CD3G;RORA;CD3E;CD3D;GIMAP7;ETS1;IL4I1;PTTG1;SIT1;TRBC2;TRBC1;MUC12;CTLA4;CCR7;TK1;CD177;TRGV4;RNF43;FOXP3;IL17RB;GPRIN3;AZGP1;CEACAM1;SELENOM;MAF;TBC1D4;CHI3L2;XCL2;TFF1;TNFRSF25;LTB;PTGER4;KLRB1;LEF1;CXCR5;CXCR4;CST7;CD79B;CD79A;SPOCK2;LEPROTL1;CCL4;ICOS;TIGIT;SPDEF;IL32;AFAP1L2;FYB1;CCL20;TRAT1;GZMA;TRDV1;BATF;CD2;GZMK;CD40LG;CD6;SELL;CD5;GPR183;CD7;IL7R"
ARCHS4_Tissues;GASTRIC EPITHELIAL CELL;65/2316;5,05E-06;4,20E-05;0;0;1,958066195;23,88040058;"SERPINA1;MS4A8;RORC;HRCT1;CXCL3;MSLN;AREG;WFDC2;KRTCAP3;AKR7A3;CA2;CREB3L1;UGT2A3;CTSE;BCAS1;ANO7;OLFM4;ISL1;RNASE1;SDCBP2;AZGP1;CEACAM1;SLPI;CEACAM7;BANK1;CEACAM6;B3GNT6;CEACAM5;SCNN1A;TFF1;CDHR5;RHOV;PLPP2;GPRC5C;CFTR;COL17A1;ADH1C;KLK1;HHLA2;REP15;ITLN1;KRT86;SMIM6;EGFR;RAP1GAP;MYH14;PI3;DUOX2;SPDEF;SLC12A2;AFAP1L2;CDKN2B;GALNT5;CCL20;REG4;AKR1C3;TMEM61;GUCA2B;PDZK1IP1;FERMT1;MLPH;LCN2;S100P;CD24;FOXA3"
ARCHS4_Tissues;BLOOD PBMC;64/2316;1,00E-05;7,74E-05;0;0;1,91950652;22,09265731;"FCN1;ITK;IFITM1;TRAC;RORC;TNFAIP3;CD3G;RORA;CD3E;CD3D;GIMAP7;ETS1;FCRLA;LGALS2;TCL1A;GNLY;SIT1;TRBC2;TRBC1;CTLA4;CCR7;FCRL1;TRGV4;RNF43;KRT1;FOXP3;GPRIN3;FCER2;CD8B;TBC1D4;BANK1;CD8A;CHI3L2;TNFRSF25;LTB;MS4A1;PTGER4;KLRB1;LEF1;CXCR5;CXCR4;CST7;CD79B;CD79A;SOCS3;SPOCK2;S100A12;ICOS;TIGIT;IL32;FYB1;TRAT1;GZMA;TRDV1;BATF;CD2;GZMK;CD40LG;CD6;CD5;GPR183;CD7;S100P;IL7R"
ARCHS4_Tissues;ALPHA CELL;62/2316;3,74E-05;0,000252426;0;0;1,843369053;18,79118728;"ROBO2;RAB3B;CEP126;SERPINA1;AQP8;MS4A8;HEPACAM2;RORC;BEST2;CLU;WFDC2;SCGN;UCN3;KIF5C;UGT2A3;CTSE;SLC18A2;CHGB;GALNT8;ABCC8;RIIAD1;PAX4;ANK2;ETV1;PROX1;VWA5B2;ISL1;IL17RB;GPRIN3;RFX6;SCG5;SLC29A4;SCG3;CDHR5;GPRC5C;SCG2;CFTR;COL17A1;MAOB;ARX;CRYBA2;SMIM6;RAP1GAP;NEUROD1;TTR;RAB26;MYH14;STXBP6;TRPM5;NKX2-2;RUNX1T1;CHGA;CADPS;TMEM61;DNAJC12;GCG;MEIS2;GUCA2A;FEV;CPE;INSM1;FOXA3"
ARCHS4_Tissues;NATURAL KILLER CELLS;62/2316;3,74E-05;0,000252426;0;0;1,843369053;18,79118728;"FKBP11;ITK;IFITM1;CD83;TRAC;TNFAIP3;RORA;LRMP;CD3E;AREG;CD3D;GIMAP7;IL4I1;GNLY;TRBC2;TRBC1;MUC12;CA7;CTLA4;CCR7;TK1;TRGV4;RNF43;NOSIP;ANO7;GPRIN3;CD8B;CD8A;KIT;CHI3L2;XCL2;IRF8;LTB;PTGER4;KLRB1;CXCR5;CXCR4;CST7;KRT86;ASCL2;CD79B;CD79A;SPOCK2;CCL5;CCL4;TIGIT;IL32;AFAP1L2;FYB1;KLRC2;UBE2C;GZMA;AKR1C3;NKG7;BATF;CD2;GZMK;CD6;SELL;ID2;CD7;KLRD1"
ARCHS4_Tissues;BETA CELL;61/2316;7,01E-05;0,000398693;0;0;1,805783657;17,27234136;"ROBO2;RAB3B;MS4A8;HEPACAM2;RORC;WFDC2;ROBO1;CALB2;SCGN;UCN3;KIF5C;FFAR4;SLC18A2;CHGB;CD177;GALNT8;ABCC8;RIIAD1;PAX4;ETV1;PROX1;VWA5B2;OLFM4;ISL1;IL17RB;ADRA2A;GPRIN3;RFX6;TBC1D4;CEACAM6;SCG5;SLC29A4;SCG3;GPRC5C;SCG2;CFTR;COL17A1;KLK1;CRYBA2;SMIM6;RAP1GAP;NEUROD1;TTR;RAB26;MYH14;TRPM5;NKX2-2;RUNX1T1;PRPH;CHGA;CADPS;TMEM61;DNAJC12;GCG;MEIS2;FEV;LCN2;CPE;INSM1;CD24;FOXA3"
ARCHS4_Tissues;PANCREATIC ISLET;61/2316;7,01E-05;0,000398693;0;0;1,805783657;17,27234136;"ROBO2;RAB3B;CEP126;SERPINA1;MS4A8;HEPACAM2;CLU;TNFSF13B;SPIB;SCGN;UCN3;KIF5C;FFAR4;PLCE1;CHGB;SMIM14;ABCC8;PDE4C;RIIAD1;ETV1;CMBL;PROX1;VWA5B2;ISL1;CEACAM1;RFX6;CEACAM7;SCNN1A;SCG5;SLC29A4;SCG3;PLPP2;SCG2;ARX;CRYBA2;SELENOK;SMIM6;RAP1GAP;NEUROD1;ODF2L;PRDX4;TTR;RAB26;MYH14;DUOX2;NKX2-2;RUNX1T1;SEC11C;CHGA;CADPS;TMEM61;DNAJC12;GCG;MEIS2;SULT1B1;NOVA1;FEV;CPE;SFXN1;KLRD1;INSM1"
ARCHS4_Tissues;TLYMPHOCYTE;61/2316;7,01E-05;0,000398693;0;0;1,805783657;17,27234136;"FKBP11;ITK;IL22;IFITM1;TRAC;TNFAIP3;CD3G;RORA;CD3E;CD3D;GIMAP7;ETS1;GNLY;SIT1;TRBC2;TRBC1;CTLA4;CCR7;TRGV4;ANXA1;NOSIP;FOXP3;MAF;CD8B;CD8A;XCL2;TNFRSF25;LTB;PTGER4;KLRB1;LEF1;CXCR4;CST7;TYMS;SPOCK2;CCL5;LEPROTL1;CCL4;ICOS;TIGIT;IL32;FYB1;KLRC2;CCL20;TRAT1;REG4;GZMA;TRDV1;NKG7;BATF;CD2;GZMK;CD40LG;CD6;SELL;CD5;GPR183;ID2;CD7;KLRD1;IL7R"
ARCHS4_Tissues;AMNIOTIC FLUID;60/2316;0,000129018;0,000663519;0;0;1,768515511;15,83805005;"SERPINA1;MS4A8;RORC;MSLN;WFDC2;AQP1;CALB2;DMBT1;CREB3L1;MUC12;CTSE;CD177;BCAS1;EPHB3;RNF43;ANXA1;KRT1;ETV1;OLFM4;RNASE1;SDCBP2;AZGP1;RFX6;SLPI;CEACAM7;CEACAM6;CEACAM5;SCNN1A;TFF1;RHOV;CFTR;COL17A1;ADH1C;KLK1;HHLA2;SMIM6;EGFR;RAP1GAP;SELENBP1;S100A12;MYH14;STXBP6;PI3;DUOX2;CLCA4;SPDEF;AFAP1L2;CDKN2B;GALNT5;TMEM61;OTOP2;PDZK1IP1;ARHGAP24;FERMT1;MLPH;PPP1R1B;LCN2;S100P;LGR5;SLC26A3"
ARCHS4_Tissues;LIVER (BULK TISSUE);60/2316;0,000129018;0,000663519;0;0;1,768515511;15,83805005;"FKBP11;IFITM1;SERPINA1;AVIL;RORC;TNFAIP3;RORA;CLU;WFDC2;AKR7A3;CHP2;TIMP3;UGT2A3;SH2D6;CTSB;SMIM14;ANXA13;UGT2B17;CMBL;PROX1;RNASE1;SDCBP2;IL17RB;AZGP1;CEACAM1;SELENOM;MT1A;SLPI;AGTR1;TFF1;CDHR5;GPRC5C;DNASE1L3;CFTR;CES1;C1QB;ADH1C;MAOB;THBS1;EGFR;SELENBP1;IL1RL1;PRDX4;TTR;ALDH1B1;MYH14;APOE;DUOX2;IL32;CD163;CCL20;RARRES2;AKR1C3;BMX;LYVE1;ARHGAP24;MLPH;LGR5;FOXA3;C1QC"
ARCHS4_Tissues;ALVEOLAR MACROPHAGE;52/2316;0,008223092;0,038612778;0;0;1,481363696;7,111744212;"SERPINA1;CD83;PLXND1;MS4A7;TNFAIP3;BRCA2;CXCL3;AREG;IL4I1;LGALS2;HPGDS;CA2;FFAR4;CHP2;CTLA4;IER5;CTSB;FCRL1;CYBB;MCEMP1;IL17RB;GPRIN3;MAF;TBC1D4;IL1B;IRF8;CES1;C1QB;PTGER4;C1QA;KLRB1;RGS13;HDC;ITLN1;THBS1;LILRA4;SOCS3;CCL4;CD14;TRPM5;ICOS;CD163;KLRC2;CCL20;ARHGAP24;CD2;MLPH;CD5;GPR183;S100P;IL7R;C1QC"
ARCHS4_Tissues;HEPATOCYTE;52/2316;0,008223092;0,038612778;0;0;1,481363696;7,111744212;"SERPINA1;AQP8;RORC;HRCT1;CLU;AQP1;AKR7A3;CA2;UGT2A3;ANXA13;CMBL;PROX1;ANO7;RNASE1;FOXP3;SDCBP2;IL17RB;AZGP1;CEACAM1;MT1A;SLPI;AGTR1;CDHR5;GPRC5C;CES2;CES1;C1QB;C1QA;ADH1C;MAOB;SMIM6;EGFR;RAP1GAP;SELENBP1;TTR;RAB26;MYH14;APOE;CD14;IL32;CCL20;RARRES2;AKR1C3;GUCA2B;PDZK1IP1;LYVE1;SMOC2;MLPH;LCN2;S100P;FOXA3;C1QC"
ARCHS4_Tissues;SKIN (BULK TISSUE);51/2316;0,012601878;0,05670845;0;0;1,4467926;6,328139833;"RORC;RORA;MSLN;AREG;WFDC2;AQP1;ROBO1;CALB2;CA2;CHP2;TIMP3;CTSG;EPHB3;CPA3;RNF43;KRT1;SDCBP2;AZGP1;MAF;SLPI;TBC1D4;CEACAM6;SCNN1A;CHI3L2;RHOV;COL17A1;KLK1;HDC;KRT86;THBS1;EGFR;IL1RL1;FRZB;MYH14;PI3;DUOX2;CLCA4;AFAP1L2;CDKN2B;GALNT5;CMA1;OTOP2;PDZK1IP1;LYVE1;FERMT1;SMOC2;SVOPL;LCN2;S100P;CD24;LGR5"
ARCHS4_Tissues;ESOPHAGUS (BULK TISSUE);50/2316;0,018911008;0,081695554;0;0;1,412504543;5,604833705;"MKI67;MSLN;AREG;AQP1;KRTCAP3;CA2;PBK;CD177;EPHB3;CPA3;ANXA1;KRT1;SDCBP2;CEACAM1;SLPI;CEACAM7;CEACAM6;CEACAM5;SCNN1A;TFF1;RHOV;CES2;C1QB;COL17A1;ADH1C;KLK1;REP15;KRT86;EGFR;IL1RL1;S100A12;MYH14;PI3;DUOX2;CLCA4;AFAP1L2;CDKN2B;GALNT5;CMA1;TMEM61;OTOP2;PDZK1IP1;LYVE1;FERMT1;SMOC2;SLC6A8;LCN2;S100P;CD24;C1QC"
ARCHS4_Tissues;ADIPOSE (BULK TISSUE);49/2316;0,027786137;0,107175099;0;0;1,378496375;4,939453101;"PLXND1;HRCT1;GIMAP7;AQP1;CALB2;HPGDS;CA4;FFAR4;TIMP3;CTSG;CPA3;ANXA1;ANK2;RNASE1;ADRA2A;AZGP1;SELENOM;MT1A;BANK1;AGTR1;SLC29A4;IRF8;CES1;C1QB;C1QA;ADH1C;MAOB;HDC;EGFR;SELENBP1;FRZB;MYH14;IGFBP7;APOE;CD14;PRPH;AFAP1L2;CDKN2B;CMA1;RARRES2;AKR1C3;BMX;LYVE1;ARHGAP24;SMOC2;PPP1R1B;CPE;CDK15;C1QC"
ARCHS4_Tissues;ALVEOLAR CELL TYPE II;49/2316;0,027786137;0,107175099;0;0;1,378496375;4,939453101;"SERPINA1;CD83;TNFAIP3;CXCL3;MSLN;AREG;WFDC2;DMBT1;CHP2;MUC12;CTSE;IER5;HTR3E;ANXA13;RNASE1;SDCBP2;AZGP1;SLPI;CEACAM6;B3GNT6;CEACAM5;SCNN1A;CHI3L2;RHOV;GPRC5C;CFTR;CES1;COL17A1;HHLA2;EGFR;SOCS3;MYH14;PI3;TRPM5;DUOX2;SPDEF;CDKN2B;CD163;GALNT5;CCL20;OTOP2;PDZK1IP1;FERMT1;SULT1B1;SVOPL;MLPH;LCN2;KLRD1;S100P"
ARCHS4_Tissues;SUBCUTANEOUS ADIPOSE TISSUE;49/2316;0,027786137;0,107175099;0;0;1,378496375;4,939453101;"PLXND1;HRCT1;CLU;GIMAP7;AQP1;CALB2;HPGDS;CA4;FFAR4;TIMP3;CTSG;CPA3;ANXA1;RNASE1;ADRA2A;AZGP1;SELENOM;MT1A;BANK1;AGTR1;SLC29A4;IRF8;DNASE1L3;CES1;C1QB;C1QA;ADH1C;MAOB;HDC;EGFR;SELENBP1;FRZB;MYH14;IGFBP7;APOE;CD14;AFAP1L2;CDKN2B;CMA1;RARRES2;AKR1C3;BMX;LYVE1;ARHGAP24;SMOC2;SLC6A8;PPP1R1B;CDK15;C1QC"
ARCHS4_Tissues;PLASMACYTOID DENDRITIC CELL;48/2316;0,039970461;0,13925193;0;0;1,344764994;4,329624959;"PTGER4;IFITM1;CD83;SH2D7;RGS13;HDC;DERL3;TNFAIP3;LRMP;ASCL2;SMIM6;LILRA4;TNFSF13B;SPIB;FCRLA;IL4I1;CD79A;SOCS3;LGALS2;TCL1A;SIT1;CCL4;TNFRSF17;CCR7;MS4A12;TIGIT;TRGV4;RNF43;FYB1;NKG7;CYBB;FOXP3;ARHGAP24;BATF;CD2;SELL;TBC1D4;CD5;BANK1;CD8A;GPR183;CD7;IRF8;CDHR5;LTB;DNASE1L3;MS4A1;CES1"
ARCHS4_Tissues;RENAL CORTEX;48/2316;0,039970461;0,13925193;0;0;1,344764994;4,329624959;"ROBO2;SH2D7;ADH1C;MAOB;LEF1;HEPACAM2;GATA2;MKI67;MSLN;WFDC2;EGFR;RAP1GAP;AQP1;ROBO1;LGALS2;FRZB;CA2;SPOCK2;CA4;PBK;TIMP3;MYH14;UGT2A3;IGFBP7;TRPM5;EPHB3;AFAP1L2;LEFTY1;FZD7;ETV1;PDZK1IP1;LYVE1;RNASE1;MEIS2;ARHGAP24;SMOC2;SVOPL;AZGP1;VCAN;TBC1D4;PPP1R1B;SCNN1A;IL1RAPL1;AGTR1;CDHR5;CD24;GPRC5C;LGR5"
ARCHS4_Tissues;SUPERIOR FRONTAL GYRUS;48/2316;0,039970461;0,13925193;0;0;1,344764994;4,329624959;"C1QB;C1QA;MAOB;ARX;HRCT1;KRT86;CLU;WFDC2;RAP1GAP;CALB2;FRZB;RAB26;KIF5C;MB;SPOCK2;CA4;CA7;MYH14;STXBP6;APOE;CLCA4;INSL5;CHGB;SPDEF;NKX2-2;GALNT8;BCAS1;CHGA;HES6;AFAP1L2;LEFTY1;ABCC8;RIIAD1;ANK2;VWA5B2;RNASE1;SDCBP2;IL17RB;ADRA2A;SMOC2;SLC6A8;PPP1R1B;SCG5;CPE;SCG3;RHOV;SCG2;C1QC"
ARCHS4_Tissues;ADRENAL GLAND;47/2316;0,056288757;0,173691021;0;0;1,311307344;3,772972778;"C1QB;C1QA;SLC26A2;CD83;MAOB;PLXND1;AQP8;LEF1;RORA;CLU;EGFR;RAP1GAP;AQP1;ROBO1;CALB2;IL1RL1;TIMP3;APOE;CD14;TRPM5;CHGB;PRPH;CHGA;RNF43;CD163;RARRES2;TMEM61;DNAJC12;CYBB;ANK2;ETV1;PROX1;VWA5B2;LYVE1;RNASE1;MEIS2;ADRA2A;FERMT1;SMOC2;SVOPL;MT1A;RFX6;TBC1D4;AGTR1;DNASE1L3;LGR5;C1QC"
ARCHS4_Tissues;CEREBELLUM;47/2316;0,056288757;0,173691021;0;0;1,311307344;3,772972778;"ROBO2;AQP8;RORA;EGFR;ROBO1;NEUROD1;CA1;FRZB;KIF5C;SPOCK2;DPYSL3;CHP2;MUC12;CLCA1;MS4A12;ATOH1;CLCA4;CD177;RUNX1T1;GALNT8;HES6;NXPE4;RNF43;ABCC8;FZD7;GUCA2B;ANK2;ETV1;PROX1;OTOP2;RGMB;LYVE1;GUCA2A;ADRA2A;GPRIN3;VCAN;TMIGD1;CEACAM7;NOVA1;KIT;IL1RAPL1;AGTR1;CPE;CDHR5;RHOV;INSM1;SLC26A3"
ARCHS4_Tissues;MACROPHAGE;47/2316;0,056288757;0,173691021;0;0;1,311307344;3,772972778;"C1QB;PTGER4;FCN1;C1QA;SERPINA1;CD83;PLXND1;MS4A7;CXCR5;TNFAIP3;CXCL3;ASCL2;AREG;LILRA4;FCRLA;IL4I1;SOCS3;LGALS2;BEST4;HPGDS;CA2;PSTPIP2;CCL5;CCL4;S100A12;CCR7;APOE;CD14;IER5;CTSB;TRGV4;CDKN2B;CD163;CCL20;CYBB;MCEMP1;RNASE1;BATF;FCER2;MT1A;GPR183;IL1B;CHI3L2;IRF8;IL7R;CES1;C1QC"
ARCHS4_Tissues;VALVE;47/2316;0,056288757;0,173691021;0;0;1,311307344;3,772972778;"C1QB;C1QA;MAOB;PLXND1;MS4A7;ITLN1;HRCT1;GATA2;KRT86;CLU;AQP1;SELENBP1;HPGDS;FRZB;CREB3L1;DPYSL3;TIMP3;CTSG;IGFBP7;APOE;CD14;PI3;INSL5;PRPH;AFAP1L2;CD163;CMA1;RARRES2;CYBB;BMX;LYVE1;RNASE1;MEIS2;ARHGAP24;ADRA2A;BATF;SMOC2;SELENOM;MT1A;SLPI;PPP1R1B;CHI3L2;XCL2;GPRC5C;SCG2;CES1;C1QC"
ARCHS4_Tissues;CEREBRAL CORTEX;46/2316;0,077600157;0,23280047;0;0;1,278120411;3,267113288;"C1QB;ROBO2;CEP126;MAOB;ARX;CLU;EGFR;RAP1GAP;AQP1;NEUROD1;CALB2;RAB26;KIF5C;MB;SPOCK2;DPYSL3;CA7;MYH14;STXBP6;CLCA4;CHGB;NKX2-2;GALNT8;BCAS1;CHGA;HES6;ABCC8;RIIAD1;DNAJC12;ANK2;ETV1;PROX1;VWA5B2;MEIS2;IL17RB;AZGP1;SLC6A8;NOVA1;PPP1R1B;IL1RAPL1;SCG5;CPE;SCG3;RHOV;INSM1;SCG2"
ARCHS4_Tissues;BRAIN (BULK);45/2316;0,10472843;0,297649222;0;0;1,245201227;2,809652945;"C1QB;MAOB;CLU;RAP1GAP;AQP1;CALB2;RAB26;KIF5C;MB;SPOCK2;CA4;CA7;MYH14;STXBP6;APOE;CLCA4;CHGB;NKX2-2;GALNT8;BCAS1;CHGA;AFAP1L2;ABCC8;RIIAD1;DNAJC12;ANK2;ETV1;PROX1;VWA5B2;RNASE1;SDCBP2;IL17RB;AZGP1;SLC6A8;NOVA1;PPP1R1B;IL1RAPL1;SCG5;CPE;SCG3;RHOV;INSM1;LGR5;SCG2;C1QC"
ARCHS4_Tissues;BREAST (BULK TISSUE);45/2316;0,10472843;0,297649222;0;0;1,245201227;2,809652945;"C1QB;COL17A1;C1QA;ADH1C;MAOB;PLXND1;RORC;HRCT1;MSLN;KRT86;WFDC2;EGFR;AQP1;CALB2;SELENBP1;SOCS3;FRZB;GNA11;CA4;TIMP3;MYH14;SPDEF;EPHB3;AFAP1L2;FZD7;RARRES2;TMEM61;PDZK1IP1;BMX;LYVE1;RNASE1;ADRA2A;SMOC2;AZGP1;SLC6A8;MLPH;SLPI;PPP1R1B;SCNN1A;AGTR1;TFF1;RHOV;GPRC5C;CES1;C1QC"
ARCHS4_Tissues;CORD BLOOD;44/2316;0,138372288;0,373605177;0;0;1,212546864;2,398184267;"PTGER4;CD83;HDC;MS4A7;CDCA7;HMGB2;CXCR4;TNFAIP3;LRMP;CLEC9A;CST7;AREG;TNFSF13B;CD79B;IL4I1;LGALS2;HPGDS;PSTPIP2;C1QBP;PCLAF;S100A12;CTSG;ICOS;SLC18A2;CPA3;FYB1;ANXA1;CCL20;KRT1;NKG7;CYBB;MCEMP1;BATF;CD2;FCER2;SVOPL;SELL;CD5;GPR183;IL1B;CD7;IRF8;TFF1;S100P"
ARCHS4_Tissues;KERATINOCYTE;44/2316;0,138372288;0,373605177;0;0;1,212546864;2,398184267;"COL17A1;KLK1;REP15;TNFAIP3;MSLN;KRT86;AREG;THBS1;EGFR;CALB2;KRTCAP3;IL1RL1;CA2;PBK;MYH14;SOX9;PI3;IER5;DUOX2;CLCA4;CD177;EPHB3;RNF43;AFAP1L2;CDKN2B;GALNT5;ANXA1;CCL20;KRT1;TMEM61;OTOP2;PDZK1IP1;ISL1;SDCBP2;FERMT1;AZGP1;SLPI;CEACAM6;IL1B;SCNN1A;LCN2;S100P;RHOV;CD24"
ARCHS4_Tissues;PREFRONTAL CORTEX;43/2316;0,179002965;0,471520006;0;0;1,180154439;2,030282121;"ROBO2;CEP126;RGS13;ARX;ROBO1;NEUROD1;CALB2;ODF2L;KIF5C;DPYSL3;STMN1;CHP2;CA7;PLCE1;SH2D6;NKX2-2;RUNX1T1;GALNT8;BCAS1;SLC12A2;HES6;ABCC8;TUBB;CADPS;ANK2;ETV1;PROX1;MEIS2;ADRA2A;SULT1B1;VCAN;MAF;NOVA1;ID2;IL1RAPL1;SCG5;SLC29A4;CPE;KLRD1;SCG3;INSM1;CD24;PLPP2"
ARCHS4_Tissues;BASAL CELL;42/2316;0,226761199;0,544226879;0;0;1,148021108;1,703500076;"COL17A1;REP15;RORC;CXCL3;MSLN;KRT86;AREG;THBS1;WFDC2;EGFR;KRTCAP3;IL1RL1;MYH14;PI3;DUOX2;CLCA4;SPDEF;EPHB3;RNF43;AFAP1L2;CDKN2B;GALNT5;ANXA1;CCL20;TMEM61;PDZK1IP1;ISL1;SDCBP2;FERMT1;SMOC2;AZGP1;SLC6A8;SLPI;CEACAM7;CEACAM6;CEACAM5;SCNN1A;LCN2;S100P;RHOV;CD24;GPRC5C"
ARCHS4_Tissues;CINGULATE GYRUS;42/2316;0,226761199;0,544226879;0;0;1,148021108;1,703500076;"ROBO2;CEP126;MAOB;ARX;HRCT1;CLU;COL19A1;EGFR;RAP1GAP;CALB2;IL1RL1;FRZB;KIF5C;CA2;SPOCK2;CA4;CA7;STXBP6;CLCA4;CHGB;RUNX1T1;BCAS1;CHGA;AFAP1L2;ABCC8;ANK2;ETV1;PROX1;VWA5B2;RNASE1;SMOC2;MT1A;NOVA1;PPP1R1B;KIT;IL1RAPL1;SCG5;CPE;SCG3;LGR5;SCG2;C1QC"
ARCHS4_Tissues;NEURONAL EPITHELIUM;42/2316;0,226761199;0,544226879;0;0;1,148021108;1,703500076;"ROBO2;RAB3B;ARX;CDCA7;HMGB2;RPS4Y1;BRCA2;MKI67;CLU;ROBO1;ODF2L;PTTG1;KIF5C;DPYSL3;STMN1;PCLAF;PBK;PLCE1;SOX9;SH2D6;RUNX1T1;SLC12A2;HES6;RRM2;UBE2C;TUBB;CADPS;ANK2;ETV1;PROX1;RGMB;MEIS2;SULT1B1;VCAN;NOVA1;IL1RAPL1;SLC29A4;CPE;SFXN1;KLRD1;SCG3;CD24"
ARCHS4_Tissues;PLASMA CELL;42/2316;0,226761199;0,544226879;0;0;1,148021108;1,703500076;"FKBP11;C1QB;IL22;KLK1;RGS13;DERL3;ARX;CXCR4;LRMP;BRCA2;SELENOK;MSLN;AREG;SMIM6;WFDC2;CD79B;FCRLA;KRTCAP3;CD79A;PRDX4;FRZB;RAB26;SIT1;MUC12;CA7;TNFRSF17;TIGIT;CLCA4;BCAS1;SEC11C;FCRL1;NXPE4;DNAJC12;CYBB;UGT2B17;PAX5;FCER2;CEACAM1;SELENOM;BANK1;GPR183;MS4A1"
ARCHS4_Tissues;MIDBRAIN;41/2316;0,281369552;0,64655131;0;0;1,116144069;1,415367052;"ARX;CXCR4;RPS4Y1;SELENOK;NEUROD1;ODF2L;CA1;PTTG1;FRZB;KIF5C;DPYSL3;STMN1;PCLAF;PBK;PLCE1;TIMP3;SOX9;APOE;NKX2-2;RUNX1T1;SMIM14;HES6;TUBB;CADPS;PDE4C;ANK2;PROX1;CEACAM1;B3GNT6;NOVA1;ID2;FEV;SCG5;SLC29A4;EBPL;CPE;SCG3;TNFRSF25;INSM1;CD24;SCG2"
ARCHS4_Tissues;VENTRICLE;41/2316;0,281369552;0,64655131;0;0;1,116144069;1,415367052;"C1QB;C1QA;ADH1C;MAOB;PLXND1;REP15;ITLN1;RORC;HRCT1;THBS1;EGFR;AQP1;IL1RL1;FRZB;MB;CREB3L1;CA4;TIMP3;MYH14;IGFBP7;STXBP6;CD163;CMA1;FZD7;ANK2;ETV1;PROX1;BMX;LYVE1;RNASE1;MEIS2;ARHGAP24;SMOC2;AZGP1;VCAN;MT1A;SLC6A8;TBC1D4;AGTR1;CES1;C1QC"
ARCHS4_Tissues;FETAL BRAIN CORTEX;40/2316;0,342077535;0,724399486;0;0;1,08452056;1,163384571;"ROBO2;ITK;BEST2;ROBO1;SPIB;NEUROD1;ODF2L;RAB26;KIF5C;DPYSL3;STMN1;PCLAF;FFAR4;CHP2;SH2D6;DUOX2;RUNX1T1;SLC12A2;FCRL1;HES6;TUBB;CADPS;PDE4C;ANXA13;ANK2;MEIS2;SULT1B1;FABP2;NOVA1;SCG5;SLC29A4;CPE;SFXN1;KLRD1;SCG3;CD24;MS4A2;PLPP2;DNASE1L3;CFTR"
ARCHS4_Tissues;GRANULOCYTE;40/2316;0,342077535;0,724399486;0;0;1,08452056;1,163384571;"PTGER4;FCN1;COL17A1;SERPINA1;AVIL;RORC;CXCR4;LRMP;CLEC9A;CST7;BEST2;ASCL2;LILRA4;SOCS3;IL1RL1;CA4;S100A12;UGT2A3;CD14;PI3;TRPM5;SH2D6;SLC18A2;CD177;FCRL1;FYB1;CYBB;MCEMP1;OLFM4;BMX;LYVE1;ARHGAP24;FABP2;SLPI;SELL;CEACAM6;IL1B;LCN2;S100P;LTB"
ARCHS4_Tissues;SPINAL CORD;40/2316;0,342077535;0,724399486;0;0;1,08452056;1,163384571;"ROBO2;SH2D7;MAOB;EGFR;RAP1GAP;AQP1;ROBO1;CALB2;FRZB;KIF5C;SPOCK2;DPYSL3;TIMP3;NKX2-2;RUNX1T1;GALNT8;PRPH;BCAS1;EPHB3;CHGA;HES6;AFAP1L2;ABCC8;RIIAD1;ANK2;PROX1;VWA5B2;RGMB;ISL1;LYVE1;MEIS2;ADRA2A;SMOC2;SLC6A8;NOVA1;PPP1R1B;IL1RAPL1;CPE;LGR5;SCG2"
ARCHS4_Tissues;SPINAL CORD (BULK);40/2316;0,342077535;0,724399486;0;0;1,08452056;1,163384571;"ROBO2;SH2D7;MAOB;EGFR;RAP1GAP;AQP1;ROBO1;CALB2;FRZB;KIF5C;SPOCK2;DPYSL3;TIMP3;NKX2-2;RUNX1T1;GALNT8;PRPH;BCAS1;EPHB3;CHGA;HES6;AFAP1L2;ABCC8;RIIAD1;ANK2;PROX1;VWA5B2;RGMB;ISL1;LYVE1;MEIS2;ADRA2A;SMOC2;SLC6A8;NOVA1;PPP1R1B;IL1RAPL1;CPE;LGR5;SCG2"
ARCHS4_Tissues;NEUTROPHIL;39/2316;0,407655145;0,846668379;0;0;1,053147856;0,945025056;"PTGER4;FCN1;SERPINA1;AVIL;CXCR4;TNFAIP3;LRMP;CLEC9A;CST7;ASCL2;LILRA4;SOCS3;IL1RL1;CA4;CCL4;S100A12;CD14;PI3;SLC18A2;CD177;FCRL1;FYB1;CYBB;MCEMP1;OLFM4;BMX;LYVE1;BATF;FCER2;CEACAM1;SLPI;SELL;CD5;CEACAM6;IL1B;CD7;LCN2;S100P;LTB"
ARCHS4_Tissues;HUMAN ZYGOTE;38/2316;0,476444683;0,952889367;0;0;1,022023272;0,757731787;"RETNLB;HHLA2;HDC;DERL3;LEF1;LRMP;BRCA2;SMIM6;WFDC2;TCL1A;DMBT1;PTTG1;PBK;MUC12;STXBP6;TRPM5;TIGIT;SLC18A2;RUNX1T1;HES6;AFAP1L2;RRM2;CCL20;UBE2C;RARRES2;RIIAD1;TMEM61;ANO7;OLFM4;ISL1;FERMT1;SVOPL;KIT;IL1RAPL1;IRF8;SCG2;CDK15;CFTR"
ARCHS4_Tissues;PODOCYTE;38/2316;0,476444683;0,952889367;0;0;1,022023272;0,757731787;"COL17A1;REP15;HRCT1;CXCL3;MSLN;KRT86;AREG;SMIM6;THBS1;EGFR;AQP1;IL4I1;ALDH1B1;CREB3L1;DPYSL3;UGT2A3;IGFBP7;MS4A12;CD177;IL32;AFAP1L2;CDKN2B;GALNT5;CCL20;FZD7;RARRES2;ANO7;PDZK1IP1;IL17RB;FERMT1;VCAN;LCN2;RHOV;GPRC5C;LGR5;CDK15;CFTR;FOXA3"
ARCHS4_Tissues;ATRIUM;37/2316;0,546471772;0,999991104;0;0;0,991144161;0,598921284;"MAOB;PLXND1;REP15;ITLN1;HRCT1;MSLN;EGFR;AQP1;CALB2;SELENBP1;IL1RL1;MB;GNA11;TIMP3;IGFBP7;STXBP6;APOE;TRPM5;AFAP1L2;RARRES2;ANK2;ETV1;PROX1;BMX;LYVE1;RNASE1;MEIS2;ARHGAP24;FERMT1;SMOC2;SELENOM;VCAN;SLC6A8;TBC1D4;AGTR1;GPRC5C;CES1"
ARCHS4_Tissues;HEART (BULK TISSUE);37/2316;0,546471772;0,999991104;0;0;0,991144161;0,598921284;"C1QB;C1QA;ADH1C;MAOB;REP15;ITLN1;RORC;HRCT1;EGFR;AQP1;SELENBP1;IL1RL1;FRZB;MB;CA4;TIMP3;MYH14;STXBP6;AFAP1L2;CMA1;ANK2;ETV1;PROX1;BMX;LYVE1;RNASE1;MEIS2;ARHGAP24;SMOC2;AZGP1;MT1A;SLC6A8;TBC1D4;IL1RAPL1;AGTR1;CES1;C1QC"
ARCHS4_Tissues;LUNG EPITHELIAL CELL;37/2316;0,546471772;0,999991104;0;0;0,991144161;0,598921284;"COL17A1;SH2D7;DERL3;CDCA7;HRCT1;RPS4Y1;BRCA2;MKI67;TYMS;BEST2;CXCL3;MSLN;KRT86;AREG;WFDC2;EGFR;GNA11;PBK;CA7;TK1;PI3;PRPH;CDKN2B;RRM2;KLRC2;CCL20;UBE2C;TMEM61;PDZK1IP1;FERMT1;MT1A;SLC6A8;SLPI;SCNN1A;LCN2;S100P;RHOV"
ARCHS4_Tissues;MYOFIBROBLAST;37/2316;0,546471772;0,999991104;0;0;0,991144161;0,598921284;"RAB3B;SH2D7;REP15;LEF1;HRCT1;MSLN;KRT86;AREG;THBS1;EGFR;AQP1;FRZB;CREB3L1;DPYSL3;PBK;MUC12;TIMP3;IGFBP7;STXBP6;TK1;SPDEF;CD177;EPHB3;AFAP1L2;CDKN2B;GALNT5;RRM2;UBE2C;FZD7;RARRES2;RGMB;CKAP4;FERMT1;SELENOM;MT1A;RHOV;CDK15"
ARCHS4_Tissues;OOCYTE;37/2316;0,546471772;0,999991104;0;0;0,991144161;0,598921284;"CD83;HHLA2;HDC;DERL3;LEF1;LRMP;BRCA2;SMIM6;WFDC2;TCL1A;PTTG1;PBK;MUC12;STXBP6;TRPM5;TIGIT;SLC18A2;RUNX1T1;HES6;AFAP1L2;GALNT5;RRM2;CCL20;UBE2C;RARRES2;RIIAD1;TMEM61;ANO7;OLFM4;ISL1;FERMT1;SVOPL;KIT;IL1RAPL1;IRF8;CDK15;CFTR"
ARCHS4_Tissues;ERYTHROBLAST;36/2316;0,615605693;0,999991104;0;0;0,960507913;0,465989097;"HDC;DERL3;ITLN1;HEPACAM2;HMGB2;GATA2;MKI67;TYMS;AREG;RAP1GAP;AQP1;SELENBP1;IL1RL1;HPGDS;CA1;PTTG1;CA2;PSTPIP2;PBK;CTSG;TK1;CTSE;CPA3;HES6;GALNT5;RRM2;UBE2C;KRT1;CYBB;MCEMP1;PDZK1IP1;SLC6A8;KIT;S100P;RHOV;CDK15"
ARCHS4_Tissues;FIBROBLAST;36/2316;0,615605693;0,999991104;0;0;0,960507913;0,465989097;"RAB3B;PLXND1;REP15;HRCT1;GATA2;MKI67;KRT86;THBS1;EGFR;ROBO1;SOCS3;CREB3L1;GNA11;DPYSL3;PBK;TIMP3;IGFBP7;STXBP6;TK1;CTSB;RUNX1T1;EPHB3;CDKN2B;GALNT5;ANXA1;RRM2;FZD7;RGMB;MEIS2;ARHGAP24;CKAP4;FERMT1;SELENOM;MLPH;AGTR1;CDK15"
ARCHS4_Tissues;GRANULOSA CELL;36/2316;0,615605693;0,999991104;0;0;0,960507913;0,465989097;"FKBP11;SH2D7;KLK1;MAOB;AQP8;HDC;TNFAIP3;AREG;THBS1;EGFR;CALB2;SOCS3;IL1RL1;SPOCK2;DPYSL3;MUC12;SOX9;APOE;TRPM5;DUOX2;CHGB;CCL20;PROX1;ANO7;VWA5B2;LYVE1;MEIS2;ARHGAP24;SMOC2;AZGP1;VCAN;MT1A;SLC6A8;TBC1D4;CD24;SLC26A3"
ARCHS4_Tissues;SENSORY NEURON;36/2316;0,615605693;0,999991104;0;0;0,960507913;0,465989097;"ROBO2;RAB3B;COL17A1;AVIL;LEF1;RAP1GAP;ROBO1;CALB2;SCGN;FRZB;KIF5C;SPOCK2;DPYSL3;MUC12;CD177;RUNX1T1;GALNT8;PRPH;CHGA;AFAP1L2;CDKN2B;ABCC8;RIIAD1;ANK2;ETV1;RGMB;ISL1;MEIS2;IL17RB;VCAN;RFX6;SCG3;INSM1;CD24;SCG2;CDK15"
ARCHS4_Tissues;SKELETAL MUSCLE (BULK TISSUE);36/2316;0,615605693;0,999991104;0;0;0,960507913;0,465989097;"ADH1C;MAOB;AVIL;MS4A8;ARX;RORC;HRCT1;EGFR;AQP1;SELENBP1;FRZB;CA2;MB;DPYSL3;CA4;TIMP3;MYH14;AFAP1L2;CMA1;FZD7;ANK2;CMBL;PROX1;RGMB;BMX;LYVE1;RNASE1;ARHGAP24;SMOC2;SLC6A8;MAF;TBC1D4;AGTR1;GPRC5C;LGR5;CDK15"
ARCHS4_Tissues;CD19+ B CELLS;35/2316;0,681748982;0,999991104;0;0;0,930111953;0,356320076;"PTGER4;CD83;RGS13;DERL3;CXCR5;CXCR4;LRMP;ETS1;COL19A1;LILRA4;CD79B;SPIB;FCRLA;IL4I1;CD79A;TCL1A;BEST4;SIT1;SPOCK2;TNFRSF17;CCR7;TRPM5;TIGIT;FCRL1;CYBB;UGT2B17;PAX5;ARHGAP24;FCER2;BANK1;GPR183;CHI3L2;IRF8;LTB;MS4A1"
ARCHS4_Tissues;BLYMPHOCYTE;34/2316;0,743029155;0,999991104;0;0;0,899953744;0,267304257;"CD83;KLK1;RGS13;DERL3;CXCR5;CXCR4;LRMP;ETS1;COL19A1;LILRA4;CD79B;SPIB;FCRLA;IL4I1;CD79A;TCL1A;SIT1;TNFRSF17;CCR7;TK1;IER5;FCRL1;RNF43;CYBB;UGT2B17;PAX5;ARHGAP24;FCER2;BANK1;GPR183;CHI3L2;IRF8;LTB;MS4A1"
ARCHS4_Tissues;FETAL BRAIN;34/2316;0,743029155;0,999991104;0;0;0,899953744;0,267304257;"ROBO2;SH2D7;MAOB;ARX;CDCA7;MKI67;CLU;EGFR;RAP1GAP;ROBO1;CALB2;SCGN;KIF5C;DPYSL3;PBK;SOX9;NKX2-2;GALNT8;PRPH;EPHB3;HES6;UBE2C;FZD7;RIIAD1;ANK2;ETV1;PROX1;RGMB;MEIS2;ADRA2A;SLC6A8;NOVA1;INSM1;SCG2"
ARCHS4_Tissues;FETAL LUNG;34/2316;0,743029155;0,999991104;0;0;0,899953744;0,267304257;"RAB3B;REP15;HRCT1;MKI67;THBS1;EGFR;ROBO1;SELENBP1;FRZB;RAB26;CREB3L1;DPYSL3;PBK;CA7;TIMP3;STXBP6;SOX9;TRPM5;RUNX1T1;EPHB3;HES6;GALNT5;FZD7;ETV1;RGMB;MEIS2;ARHGAP24;CKAP4;FERMT1;SELENOM;VCAN;IL1RAPL1;AGTR1;CDK15"
ARCHS4_Tissues;MOTOR NEURON;34/2316;0,743029155;0,999991104;0;0;0,899953744;0,267304257;"ROBO2;SH2D7;ARX;RAP1GAP;ROBO1;CALB2;FRZB;KIF5C;DPYSL3;CHGB;NKX2-2;RUNX1T1;GALNT8;PRPH;EPHB3;CHGA;HES6;ABCC8;FZD7;RIIAD1;ANK2;PROX1;VWA5B2;RGMB;ISL1;MEIS2;SMOC2;SLC6A8;NOVA1;CPE;SCG3;INSM1;CD24;SCG2"
ARCHS4_Tissues;VASCULAR SMOOTH MUSCLE;34/2316;0,743029155;0,999991104;0;0;0,899953744;0,267304257;"COL17A1;PLXND1;TNFAIP3;HRCT1;GATA2;CXCL3;KRT86;THBS1;EGFR;ROBO1;FCRLA;IL1RL1;CREB3L1;DPYSL3;MUC12;TIMP3;IGFBP7;STXBP6;CDKN2B;GALNT5;CCL20;FZD7;ANO7;RGMB;ARHGAP24;CKAP4;FERMT1;SELENOM;VCAN;MT1A;SLC6A8;IL1B;LGR5;CDK15"
ARCHS4_Tissues;DENTATE GRANULE CELL;33/2316;0,797963558;0,999991104;0;0;0,870030783;0,196359291;"MAOB;REP15;MS4A8;LRMP;CLEC9A;KRT86;COL19A1;RAP1GAP;AQP1;KIF5C;CA7;STXBP6;CLCA4;INSL5;CHGB;GALNT8;LEFTY1;ABCC8;RIIAD1;DNAJC12;ANK2;PROX1;VWA5B2;SDCBP2;ARHGAP24;NOVA1;PPP1R1B;IL1RAPL1;SCG5;CPE;SCG3;LGR5;SCG2"
ARCHS4_Tissues;MAMMARY GLAND;33/2316;0,797963558;0,999991104;0;0;0,870030783;0,196359291;"MAOB;PLXND1;KRT86;ASCL2;AREG;RAP1GAP;SELENBP1;KRTCAP3;BEST4;AKR7A3;RAB26;MB;CA4;MYH14;SPDEF;PRPH;EPHB3;RNF43;AFAP1L2;CDKN2B;ABCC8;CMBL;VWA5B2;IL17RB;BATF;SVOPL;AZGP1;MLPH;BANK1;TFF1;RHOV;CD24;GPRC5C"
ARCHS4_Tissues;PLACENTA (BULK);33/2316;0,797963558;0,999991104;0;0;0,870030783;0,196359291;"RAB3B;COL17A1;SLC26A2;PLXND1;GATA2;MSLN;KRT86;AREG;THBS1;EGFR;RAP1GAP;IL1RL1;FRZB;TIMP3;CD14;IER5;PRPH;CDKN2B;CD163;ANXA1;HTR3E;KRT1;CYBB;ISL1;LYVE1;RNASE1;SMOC2;VCAN;AGTR1;S100P;RHOV;LGR5;C1QC"
ARCHS4_Tissues;DORSAL STRIATUM;32/2316;0,845572498;0,999991104;0;0;0,8403406;0,140959882;"C1QB;ROBO2;CEP126;MAOB;EGFR;RAP1GAP;AQP1;CALB2;KIF5C;SPOCK2;CA7;STXBP6;APOE;CLCA4;GALNT8;BCAS1;ABCC8;RIIAD1;ANK2;PROX1;VWA5B2;LYVE1;RNASE1;MEIS2;IL17RB;GPRIN3;SMOC2;PPP1R1B;IL1RAPL1;CPE;LGR5;SCG2"
ARCHS4_Tissues;INTESTINAL EPITHELIAL CELL;32/2316;0,845572498;0,999991104;0;0;0,8403406;0,140959882;"RAB3B;COL17A1;REP15;HRCT1;MSLN;THBS1;EGFR;CALB2;AKR7A3;CREB3L1;GNA11;PBK;MUC12;TIMP3;IGFBP7;TRPM5;CD177;AFAP1L2;CDKN2B;GALNT5;FZD7;RARRES2;ANO7;RGMB;SDCBP2;ARHGAP24;CKAP4;FERMT1;SLC6A8;MLPH;LGR5;CDK15"
ARCHS4_Tissues;NEURONAL PROGENITOR CELLS;32/2316;0,845572498;0,999991104;0;0;0,8403406;0,140959882;"LEF1;HMGB2;RPS4Y1;BRCA2;MKI67;ROBO1;SELENBP1;PTTG1;FRZB;KIF5C;DPYSL3;STMN1;PCLAF;FFAR4;PBK;TK1;RRM2;UBE2C;FZD7;TUBB;ANXA13;ANK2;ETV1;MEIS2;B3GNT6;NOVA1;CEACAM5;SCNN1A;SCG5;CPE;L1TD1;CD24"
ARCHS4_Tissues;PERICARDIUM;32/2316;0,845572498;0,999991104;0;0;0,8403406;0,140959882;"ADH1C;PLXND1;ITLN1;HRCT1;MSLN;THBS1;EGFR;AQP1;SELENBP1;SOCS3;IL1RL1;CREB3L1;TIMP3;IGFBP7;STXBP6;APOE;TRPM5;EPHB3;CDKN2B;CMA1;FZD7;RARRES2;TMEM61;MEIS2;ARHGAP24;FERMT1;SMOC2;SELENOM;PPP1R1B;IL1RAPL1;AGTR1;CDK15"
ARCHS4_Tissues;BONE MARROW (BULK TISSUE);31/2316;0,88542527;0,999991104;0;0;0,810880763;0,098673825;"CDCA7;HMGB2;CXCR4;LRMP;CLEC9A;RPS4Y1;GATA2;TYMS;AREG;TNFSF13B;CD79B;NEUROD1;HPGDS;CA1;PSTPIP2;TRBC2;C1QBP;STMN1;PCLAF;CTSG;CPA3;ANXA1;AKR1C3;SVOPL;CDK6;SELL;IL1B;CEACAM5;IMPDH2;KIT;EBPL"
ARCHS4_Tissues;CD34+ CELL;31/2316;0,88542527;0,999991104;0;0;0,810880763;0,098673825;"PTGER4;DERL3;CDCA7;HMGB2;CXCR4;LRMP;CLEC9A;RPS4Y1;GATA2;TYMS;AREG;TNFSF13B;CD79B;HPGDS;PSTPIP2;TRBC2;C1QBP;STMN1;CTSG;IGFBP7;CPA3;ANXA1;AKR1C3;BATF;SVOPL;CDK6;SELL;IL1B;IMPDH2;KIT;EBPL"
ARCHS4_Tissues;KUPFFER CELL;31/2316;0,88542527;0,999991104;0;0;0,810880763;0,098673825;"PLXND1;REP15;HRCT1;CXCL3;THBS1;EGFR;ROBO1;FCRLA;CALB2;CREB3L1;DPYSL3;PBK;TIMP3;IGFBP7;STXBP6;CD177;CDKN2B;GALNT5;FZD7;RARRES2;RGMB;ARHGAP24;CKAP4;FERMT1;SELENOM;VCAN;MT1A;IL1B;AGTR1;GPRC5C;CDK15"
ARCHS4_Tissues;MYOBLAST;31/2316;0,88542527;0,999991104;0;0;0,810880763;0,098673825;"RAB3B;CEP126;SLC26A2;RGS13;HRCT1;THBS1;EGFR;SPIB;PRDX4;ALDH1B1;CREB3L1;STMN1;CHP2;TIMP3;SH2D6;SLC12A2;IL32;GALNT5;ANXA1;TUBB;ANXA13;RGMB;ARHGAP24;CKAP4;SELENOM;VCAN;MT1A;CDK6;MLPH;DNASE1L3;CFTR"
ARCHS4_Tissues;THYROID (BULK TISSUE);31/2316;0,88542527;0,999991104;0;0;0,810880763;0,098673825;"COL17A1;RORC;KRT86;CLU;WFDC2;EGFR;RAP1GAP;AQP1;IL1RL1;TIMP3;MYH14;STXBP6;TRPM5;DUOX2;CTSB;AFAP1L2;RARRES2;VWA5B2;SDCBP2;ARHGAP24;FERMT1;SMOC2;SELENOM;MLPH;SLPI;TBC1D4;AGTR1;CPE;RHOV;CD24;GPRC5C"
ARCHS4_Tissues;TRACHEA (BULK TISSUE);31/2316;0,88542527;0,999991104;0;0;0,810880763;0,098673825;"COL17A1;ADH1C;REP15;MSLN;KRT86;THBS1;EGFR;IL1RL1;DMBT1;TIMP3;PI3;TRPM5;CLCA4;SPDEF;CD177;PRPH;EPHB3;CDKN2B;GALNT5;AKR1C3;TMEM61;RGMB;SDCBP2;FERMT1;VCAN;MT1A;SLPI;CEACAM6;LCN2;S100P;RHOV"
ARCHS4_Tissues;WHARTONS JELLY;31/2316;0,88542527;0,999991104;0;0;0,810880763;0,098673825;"RAB3B;COL17A1;REP15;HRCT1;CXCL3;THBS1;EGFR;DPYSL3;PBK;MUC12;TIMP3;IGFBP7;TK1;TRPM5;CDKN2B;GALNT5;RRM2;UBE2C;FZD7;ETV1;RGMB;MEIS2;ARHGAP24;CKAP4;FERMT1;SELENOM;VCAN;IL1B;IL1RAPL1;AGTR1;CDK15"
ARCHS4_Tissues;CHONDROCYTE;30/2316;0,917616335;0,999991104;0;0;0,781648869;0,067202974;"SERPINA1;MAOB;REP15;MKI67;CLU;THBS1;EGFR;IL1RL1;FRZB;CREB3L1;PBK;TIMP3;GALNT8;SMIM14;NXPE4;CDKN2B;GALNT5;ANXA1;CCL20;LYVE1;IL17RB;ARHGAP24;ADRA2A;FERMT1;SMOC2;SLPI;CD8B;AGTR1;CHI3L2;LGR5"
ARCHS4_Tissues;HUMAN EMBRYO;30/2316;0,917616335;0,999991104;0;0;0,781648869;0,067202974;"RAB3B;CDCA7;BRCA2;MKI67;TYMS;WFDC2;ROBO1;KRTCAP3;PTTG1;ALDH1B1;KIF5C;DPYSL3;PBK;TK1;RUNX1T1;LEFTY1;RRM2;UBE2C;FZD7;TUBB;RARRES2;ANK2;ETV1;VCAN;SLC6A8;SCNN1A;L1TD1;SCG3;CD24;FOXA3"
ARCHS4_Tissues;OLIGODENDROCYTE;29/2316;0,942681582;0,999991104;0;0;0,752642552;0,04442602;"SH2D7;REP15;HRCT1;MKI67;EGFR;RAP1GAP;ROBO1;DMBT1;KIF5C;DPYSL3;PBK;IGFBP7;SOX9;NKX2-2;PRPH;EPHB3;HES6;AFAP1L2;GALNT5;KLRC2;UBE2C;FZD7;ETV1;PROX1;RGMB;SMOC2;NOVA1;IL1RAPL1;LGR5"
ARCHS4_Tissues;SPERM;29/2316;0,942681582;0,999991104;0;0;0,752642552;0,04442602;"FCN1;SH2D7;ADH1C;KLK1;HHLA2;REP15;AQP8;DERL3;MSLN;KRT86;SMIM6;KRTCAP3;DMBT1;CA2;PBK;MUC12;TRPM5;SPDEF;GALNT8;PRPH;RIIAD1;PAX4;OTOP2;SDCBP2;FEV;CDHR5;LGR5;CFTR;CES1"
ARCHS4_Tissues;ASTROCYTE;28/2316;0,961474348;0,999991104;0;0;0,723859474;0,028438552;"REP15;HRCT1;MSLN;THBS1;EGFR;ROBO1;CALB2;CREB3L1;DPYSL3;PBK;TIMP3;IGFBP7;EPHB3;CDKN2B;GALNT5;FZD7;ETV1;RGMB;MEIS2;CKAP4;VCAN;SLC6A8;MLPH;AGTR1;CPE;LGR5;SCG2;CDK15"
ARCHS4_Tissues;CARDIAC MUSCLE FIBER;28/2316;0,961474348;0,999991104;0;0;0,723859474;0,028438552;"ITLN1;AQP1;ROBO1;FRZB;MB;DPYSL3;PBK;TIMP3;APOE;RUNX1T1;GALNT8;EPHB3;CDKN2B;GALNT5;FZD7;ANK2;ETV1;PROX1;ISL1;MEIS2;GPRIN3;FERMT1;SMOC2;VCAN;SLC6A8;TBC1D4;CPE;GPRC5C"
ARCHS4_Tissues;DENDRITIC CELL;28/2316;0,961474348;0,999991104;0;0;0,723859474;0,028438552;"SERPINA1;CD83;CXCR4;TNFAIP3;LRMP;CLEC9A;CST7;MSLN;ASCL2;AREG;LILRA4;TNFSF13B;IL4I1;LGALS2;C1QBP;CTLA4;TRGV4;FYB1;ANXA1;CYBB;CD2;FCER2;SELL;BANK1;GPR183;ID2;IRF8;DNASE1L3"
ARCHS4_Tissues;OVARY (BULK TISSUE);28/2316;0,961474348;0,999991104;0;0;0,723859474;0,028438552;"COL17A1;ADH1C;MAOB;LEF1;MSLN;WFDC2;AQP1;CALB2;TCL1A;TRPM5;PRPH;AFAP1L2;LEFTY1;RARRES2;TMEM61;PROX1;RGMB;LYVE1;RNASE1;MEIS2;SMOC2;SVOPL;RFX6;KIT;L1TD1;GPRC5C;LGR5;CDK15"
ARCHS4_Tissues;RESPIRATORY SMOOTH MUSCLE;28/2316;0,961474348;0,999991104;0;0;0,723859474;0,028438552;"ADH1C;MAOB;PLXND1;REP15;HRCT1;THBS1;EGFR;SELENBP1;SOCS3;CREB3L1;DPYSL3;TIMP3;CD177;EPHB3;CDKN2B;GALNT5;FZD7;RARRES2;AKR1C3;RGMB;ADRA2A;SELENOM;PPP1R1B;AGTR1;CHI3L2;CPE;CDK15;CES1"
ARCHS4_Tissues;SKELETAL MUSCLE SATELLITE CELL;28/2316;0,961474348;0,999991104;0;0;0,723859474;0,028438552;"REP15;HRCT1;CXCL3;EGFR;ROBO1;FCRLA;SOCS3;IL1RL1;RAB26;PBK;STXBP6;TRPM5;CDKN2B;GALNT5;CMA1;CCL20;AKR1C3;ANK2;ANO7;RGMB;ARHGAP24;FERMT1;MT1A;MLPH;AGTR1;CDHR5;CDK15;CES1"
ARCHS4_Tissues;FORESKIN FIBROBLAST;26/2316;0,984411832;0,999991104;0;0;0,666953853;0,010478473;"RAB3B;IFITM1;RPS4Y1;GATA2;THBS1;EGFR;ROBO1;SELENBP1;CREB3L1;MUC12;TIMP3;IGFBP7;TK1;SH2D6;CTSB;RUNX1T1;GALNT5;ANXA1;FZD7;RGMB;MEIS2;ARHGAP24;CKAP4;SELENOM;MLPH;CDK15"
ARCHS4_Tissues;HEPATIC STELLATE CELL;26/2316;0,984411832;0,999991104;0;0;0,666953853;0,010478473;"COL17A1;REP15;HRCT1;MKI67;CXCL3;MSLN;KRT86;ETS1;THBS1;EGFR;CALB2;CREB3L1;PBK;TIMP3;IGFBP7;TK1;SPDEF;GALNT5;UBE2C;FZD7;ANO7;RGMB;FERMT1;IL1B;IL1RAPL1;CDK15"
ARCHS4_Tissues;KIDNEY (BULK TISSUE);26/2316;0,984411832;0,999991104;0;0;0,666953853;0,010478473;"KLK1;CDCA7;HMGB2;GATA2;MKI67;TYMS;PRDX4;PTTG1;CA2;C1QBP;PBK;PLCE1;UGT2A3;TK1;RRM2;UBE2C;TUBB;DNAJC12;CMBL;PDZK1IP1;SLC6A8;ID2;IMPDH2;EBPL;SFXN1;RHOV"
ARCHS4_Tissues;HAIR FOLLICLE;25/2316;0,99064819;0,999991104;0;0;0,638826796;0,006002297;"ROBO2;COL17A1;PLXND1;LEF1;THBS1;EGFR;AQP1;ROBO1;SOCS3;CREB3L1;DPYSL3;TIMP3;TRPM5;EPHB3;CDKN2B;GALNT5;FZD7;ANK2;RGMB;ARHGAP24;FERMT1;VCAN;AGTR1;CDHR5;CDK15"
ARCHS4_Tissues;OSTEOBLAST;25/2316;0,99064819;0,999991104;0;0;0,638826796;0,006002297;"PLXND1;REP15;HRCT1;KRT86;THBS1;EGFR;FCRLA;CREB3L1;DPYSL3;PBK;TIMP3;IGFBP7;CDKN2B;GALNT5;FZD7;RGMB;ARHGAP24;CKAP4;FERMT1;SELENOM;VCAN;MLPH;AGTR1;LGR5;CDK15"
ARCHS4_Tissues;ENDOMETRIUM (BULK);23/2316;0,997032484;0,999991104;0;0;0,583213124;0,001733267;"NXPE4;AFAP1L2;SLC26A2;MAOB;MS4A8;GATA2;RGMB;MSLN;ARHGAP24;EGFR;ADRA2A;ROBO1;FERMT1;SMOC2;VCAN;SLPI;CREB3L1;TIMP3;IGFBP7;LGR5;CFTR;SLC18A2;RUNX1T1"
ARCHS4_Tissues;MELANOCYTE;23/2316;0,997032484;0,999991104;0;0;0,583213124;0,001733267;"ROBO2;HES6;LEF1;ANK2;ETV1;MKI67;ETS1;ARHGAP24;RAP1GAP;FCRLA;GPRIN3;SELENBP1;SLC6A8;MLPH;GNA11;KIT;IL1RAPL1;PBK;TIMP3;IGFBP7;STXBP6;APOE;CDK15"
ARCHS4_Tissues;MORULA;23/2316;0,997032484;0,999991104;0;0;0,583213124;0,001733267;"RRM2;HHLA2;UBE2C;HDC;RARRES2;HTR3E;RIIAD1;WFDC2;COL19A1;SVOPL;TCL1A;SLC6A8;PTTG1;C1QBP;IL1RAPL1;PBK;L1TD1;STXBP6;MS4A12;TK1;INSM1;PLPP2;PRPH"
ARCHS4_Tissues;PREADIPOCYTE;22/2316;0,998435895;0,999991104;0;0;0,555722174;0,000869888;"CDKN2B;REP15;AKR1C3;ANK2;ETV1;RGMB;BRCA2;MKI67;ARHGAP24;EGFR;ROBO1;FERMT1;VCAN;MT1A;RAB26;AGTR1;PBK;CDHR5;STXBP6;TK1;TRPM5;CDK15"
ARCHS4_Tissues;STROMAL CELL;20/2316;0,999621912;0,999991104;0;0;0,501361423;0,000189594;"CDKN2B;GALNT5;PLXND1;REP15;FZD7;HRCT1;ANO7;RGMB;THBS1;ARHGAP24;EGFR;FERMT1;SELENOM;MT1A;CREB3L1;AGTR1;TIMP3;STXBP6;CDK15;EPHB3"
ARCHS4_Tissues;BLOOD DENDRITIC CELLS;19/2316;0,999826224;0,999991104;0;0;0,474487457;8,25E-05;"SMIM14;FYB1;ANXA1;CXCR4;LRMP;CLEC9A;CST7;AREG;TNFSF13B;CD2;SULT1B1;LGALS2;SELL;BANK1;GPR183;ID2;C1QBP;IRF8;DNASE1L3"
ARCHS4_Tissues;RETINA;17/2316;0,999965896;0,999991104;0;0;0,421342137;1,44E-05;"ROBO2;RIIAD1;ANK2;PROX1;MSLN;KRT86;ISL1;MEIS2;EGFR;RAP1GAP;CALB2;FRZB;MB;DPYSL3;CPE;LGR5;PRPH"
ARCHS4_Tissues;BLASTOCYST;16/2316;0,999983984;0,999991104;0;0;0,39506678;6,33E-06;"SH2D7;RRM2;HHLA2;UBE2C;RGS13;ANO7;GATA2;KRTCAP3;SLC6A8;CA2;IL1RAPL1;CHI3L2;L1TD1;STXBP6;RHOV;TK1"
ARCHS4_Tissues;TESTIS (BULK TISSUE);15/2316;0,999991104;0,999991104;0;0;0,368987;3,28E-06;"CHGA;COL17A1;RORC;OTOP2;VWA5B2;RNASE1;CLU;EGFR;SMOC2;AZGP1;KIF5C;SPOCK2;TIMP3;CPE;PRPH"
